관리건축물대장PK,건물명,대지면적,건축면적,연면적,용적률산정연면적,용적률,세대수,가구수,도로명주소,지번주소
47113-100216867,장량휴먼시아,0,632.955,8409.554,8394.649,0,149,0,경상북도 포항시 북구 장량중앙로 17,경상북도 포항시 북구 양덕동 336-1
48220-100186682,미수휴먼시아,0,661.96,1213.87,240.83,0,0,0,경상남도 통영시 미우지해안로 107,경상남도 통영시 미수동 695
30200-100200744,도안휴먼시아4단지,0,707.15,4636.41,4636.41,0,102,0,대전광역시 유성구 상대로 40,대전광역시 유성구 상대동 465
41360-100216608,휴먼시아,0,385.99,6017.76,5951.08,0,76,0,경기도 남양주시 늘을3로 8,경기도 남양주시 호평동 712
45140-100190554,장신휴먼시아1단지,0,556.18,6611.9,6611.9,0,84,0,전라북도 익산시 오산면 선화로4길 66,전라북도 익산시 오산면 장신리 1130
45140-100187229,장신휴먼시아2단지,0,549.97,6749.2,6749.2,0,86,0,전라북도 익산시 오산면 선화로4길 24-9,전라북도 익산시 오산면 장신리 1127
41135-100219035,백현마을,0,314.363,3320.18,0,0,0,0,경기도 성남시 분당구 동판교로 92,경기도 성남시 분당구 백현동 546
30200-100216666,노은4단지,0,509.89,4595.19,4595.19,0,69,0,대전광역시 유성구 지족로148번길 40,대전광역시 유성구 지족동 1051
42730-100185047,횡성읍하 엘에이치아파트,0,265.458,2768.614,2768.614,0,39,0,강원도 횡성군 횡성읍 앞들서2로 34,강원도 횡성군 횡성읍 읍하리 172
29155-100194096,광주백운3휴먼시아,0,340.66,913.34,913.34,0,0,0,광주광역시 남구 백운로 100,광주광역시 남구 백운동 686
29155-130001288,광주백운2휴먼시아,0,179.12,529.44,529.44,0,0,0,광주광역시 남구 독립로80번길 8,광주광역시 남구 백운동 693
42150-11825,강릉교동(2) 주공아파트,0,545.652,6374.996,6345.654,0,90,0,강원도 강릉시 가작로 85,강원도 강릉시 교동 1748
42150-15284,주민복지관,16922.2,238.93,849.68,238.93,197.69,0,0,강원도 강릉시 하평길 55,강원도 강릉시 포남동 1293-4
42150-22036,입암3아파트,0,0,6730.06,6285.59,0,150,0,강원도 강릉시 강변로 510,강원도 강릉시 입암동 49-9
48310-10091, ,324,24.13,24.13,24.13,7.45,0,1,경상남도 거제시 장평2로 36,경상남도 거제시 장평동 144
44270-100255135,엘에이치천년나무2단지,0,0,108.54,0,0,0,0,충청남도 당진시 석문면 해명1로 200,충청남도 당진시 석문면 통정리 1733
44150-8480,주공아파트,16473,628.06,1237.9,1237.9,7.51,0,0,충청남도 공주시 우금티로 709-12,충청남도 공주시 옥룡동 123
26710-1546,기장교리주공아파트,0,309.097,307.977,307.977,0,0,0,부산광역시 기장군 기장읍 차성로397번길 7,부산광역시 기장군 기장읍 교리 170
48250-9770,구산제2주공아파트,0,278,1174.25,556,0,0,0,경상남도 김해시 가락로 222,경상남도 김해시 구산동 321
48250-102109925,젤미마을 주공2단지,0,0,3368.84,0,0,0,0,경상남도 김해시 능동로 76,경상남도 김해시 삼문동 61-3
30170-27721,구봉마을 8-1단지,0,460.987,8597.232,8213.783,0,115,0,대전광역시 서구 관저로 84,대전광역시 서구 관저동 1148
30170-27757,느리울마을,0,214.47,203.8,203.8,0,0,0,대전광역시 서구 관저동로 42,대전광역시 서구 관저동 1394
30170-25322,은뜰마을,0,446.39,1799.19,873.5,0,0,0,대전광역시 서구 월평북로 13,대전광역시 서구 월평동 218-7
30140-38314,주공아파트,0,488.76,7783.03,7202.97,217.07,120,0,대전광역시 중구 보문산로161번길 55,대전광역시 중구 문화동 779
30200-16819,반석마을4단지,0,262.853,215.2,215.2,0,0,0,대전광역시 유성구 반석로 46,대전광역시 유성구 반석동 616
30230-5890,주공아파트,0,588.45,9087.95,8505.03,0,180,0,대전광역시 대덕구 계족로663번길 34,대전광역시 대덕구 법동 283-1
30140-100216469,대전중촌주공2단지아파트,0,601.39,4224.78,4175.55,0,112,0,대전광역시 중구 대전천서로 695,대전광역시 중구 중촌동 128-1
48127-3000072500,마산삼계2주공아파트,0,12.54,12.54,12.54,0,0,0,경상남도 창원시 마산회원구 내서읍 삼계2길 24,경상남도 창원시 마산회원구 내서읍 삼계리 39
48127-1000047156,중리영구임대아파트,0,439.01,693.59,693.59,0,0,0,경상남도 창원시 마산회원구 내서읍 상곡로 49,경상남도 창원시 마산회원구 내서읍 상곡리 193
48270-14887,밀양가곡주공아파트,0,245.76,337.08,245.76,1.23,0,0,경상남도 밀양시 중앙로 47,경상남도 밀양시 가곡동 455
48270-100179676,삼문휴먼시아아파트,0,604.793,4854.541,4839.636,0,72,0,경상남도 밀양시 미리벌중앙로 35,경상남도 밀양시 삼문동 567
44180-7042,주공아파트 상가,0,245.46,598.35,437.46,0,10,0,충청남도 보령시 주공로 50,충청남도 보령시 명천동 413
26320-2003,금곡1단지주공아파트,0,414.42,954.37,683.29,0,0,0,부산광역시 북구 효열로 268,부산광역시 북구 금곡동 53-1
26320-2057,금곡2단지주공아파트,0,366.74,453.94,362.52,0,0,0,부산광역시 북구 금곡대로616번길 10-9,부산광역시 북구 금곡동 98-1
26320-2121,금곡4단지주공아파트,0,451.83,1344.17,876.76,0,0,0,부산광역시 북구 효열로 76,부산광역시 북구 금곡동 1108
26320-2107,금곡7단지주공아파트,20336.8,3250.46,563.59,356.23,185.18,0,0,부산광역시 북구 금곡대로550번길 23,부산광역시 북구 금곡동 811
26320-10621,주공아파트,0,775.25,2847.06,1899.06,0,0,0,부산광역시 북구 덕천로 74,부산광역시 북구 덕천동 808
26320-7361,만덕3단지주공아파트,0,378.452,520.984,520.984,0,0,0,부산광역시 북구 함박봉로140번길 21,부산광역시 북구 만덕동 944-6
26530-3672,모라영구임대아파트사회복지관,0,1166.19,4522.32,3028.32,0,0,0,부산광역시 사상구 모라로110번길 121,부산광역시 사상구 모라동 552
26350-7013,반송영구임대아파트,0,438.65,1340.85,873.34,0,0,22,부산광역시 해운대구 신반송로 200,부산광역시 해운대구 반송동 77
26320-2174,율리마을주공아파트,0,9,9,9,0,0,0,부산광역시 북구 화명신도시로 255,부산광역시 북구 금곡동 1882
44760-5627,쌍북주공아파트,0,4219.88,2242.5,2242.5,98.53,50,0,충청남도 부여군 부여읍 성왕로328번길 15,충청남도 부여군 부여읍 쌍북리 113
48240-10063,벌리주공아파트,0,139.72,214.73,139.72,0,0,0,경상남도 사천시 주공1길 50,경상남도 사천시 벌리동 259
44210-3155,주공아파트,55470.2,150.16,148.34,148.34,0,3,0,충청남도 서산시 석림4로 83,충청남도 서산시 석림동 463-1
42210-8566,속초청초아파트,0,121.5,121.5,121.5,0,4,0,강원도 속초시 먹거리길 17,강원도 속초시 교동 961-1
31200-100182015,화봉2주공아파트,0,492.581,3104.518,3090.012,0,46,0,울산광역시 북구 화산로 36,울산광역시 북구 화봉동 1440
42130-100186545,원주문막주공아파트,0,461.771,6028.136,6028.136,0,90,0,강원도 원주시 문막읍 원문로 1684,강원도 원주시 문막읍 건등리 1742-1
26710-100178564,정관신도시 휴먼시아1단지,0,568.71,6969.3,6878.52,0,90,0,부산광역시 기장군 정관읍 정관4로 23,부산광역시 기장군 정관읍 용수리 1359
50110-14075, ,0,494.64,3320.1,3072.42,0,72,0,제주특별자치도 제주시 인다12길 2,제주특별자치도 제주시 아라일동 6136
50110-14219,으뜸마을,0,198.9,175.5,175.5,0,0,0,제주특별자치도 제주시 진군1길 3,제주특별자치도 제주시 노형동 753
50110-8704, ,58599,15676.81,95.58,95.58,140.82,0,4,제주특별자치도 제주시 동화로1길 35,제주특별자치도 제주시 화북일동 9-1
48170-38416,진주가좌주공아파트,0,479.25,1853.25,791.25,0,0,0,경상남도 진주시 가호로 26,경상남도 진주시 가좌동 660
48170-35169,평거(2) 주공아파트,20000,320.07,740.15,579.26,0,0,15,경상남도 진주시 진양호로125번길 6,경상남도 진주시 평거동 392
48129-2100179883,자은주공아파트,0,272.85,528.02,528.02,0,0,0,경상남도 창원시 진해구 진해대로901번길 11,경상남도 창원시 진해구 자은동 909
48740-6239,창녕주공아파트,0,0,283.05,0,0,0,0,경상남도 창녕군 창녕읍 말흘5길 33,경상남도 창녕군 창녕읍 말흘리 289
44133-7252,주공아파트,0,9.587,5.688,5.688,0,0,0,충청남도 천안시 서북구 백석3로 70,충청남도 천안시 서북구 백석동 910
44133-7141,주공6단지아파트,0,392.01,948.76,674.34,0,0,0,충청남도 천안시 서북구 쌍용대로 289-28,충청남도 천안시 서북구 성정동 787
44133-21173,주공아파트 상가,0,476.59,1009.05,744.52,177.84,0,0,충청남도 천안시 서북구 쌍용11길 57,충청남도 천안시 서북구 쌍용동 1284
44790-100185791,휴먼시아,0,0,555.05,155.86,0,0,0,충청남도 청양군 청양읍 고리섬들길 53,충청남도 청양군 청양읍 읍내리 476
42110-17350,공중변소,0,12,12,12,0,1,0,강원도 춘천시 후석로228번길 47,강원도 춘천시 후평동 899
42190-100172647,태백철암주공아파트,0,473.036,5483.834,5426.902,0,91,0,강원도 태백시 삼방길 40,강원도 태백시 철암동 467
48220-16100,충무도남주공아파트,0,738.72,9507.785,8751.835,0,234,0,경상남도 통영시 발개로 153,경상남도 통영시 도남동 483-2
44800-100183170,홍성남장2주공아파트,0,495.471,6700.169,6685.663,0,90,0,충청남도 홍성군 홍성읍 문화로72번길 72,충청남도 홍성군 홍성읍 남장리 522
50110-100202557,제주삼화휴먼시아1단지,0,353.58,3253.27,3253.27,0,44,0,제주특별자치도 제주시 화삼북로2길 12,제주특별자치도 제주시 화북일동 1002-1
43150-100189501,강저휴먼시아3단지,0,415.628,5412.138,5374.821,0,88,0,충청북도 제천시 청풍호로10길 18,충청북도 제천시 강제동 898
46130-100202445,죽림휴먼시아,0,450.43,6675.53,6590.77,0,90,0,전라남도 여수시 소라면 덕양로 97-9,전라남도 여수시 소라면 죽림리 1102
46130-100201102,죽림휴먼시아,0,379.37,4561.1,4561.1,0,60,0,전라남도 여수시 소라면 죽림로 38,전라남도 여수시 소라면 죽림리 1123
47830-100190035,다산휴먼시아3단지,0,507.22,4700.72,4700.72,0,70,0,경상북도 고령군 다산면 평리6길 30,경상북도 고령군 다산면 곽촌리 357
45770-100179008,풍산고령자국민임대주택,0,570.18,2207.08,1742.32,0,24,0,전라북도 순창군 풍산면 풍산로 499,전라북도 순창군 풍산면 대가리 1678
45190-100185242,금동(2) 휴먼시아,0,537.81,6141.51,6141.51,0,116,0,전라북도 남원시 가방뜰길 57,전라북도 남원시 금동 586
42130-100205994,원주무실8단지엘에이치아파트,0,429.92,4530.72,4530.72,0,78,0,강원도 원주시 무실로 300,강원도 원주시 무실동 1790
48240-100188175,용현휴먼시아,0,10.44,9.82,9.82,0,0,0,경상남도 사천시 용현면 진삼로 580,경상남도 사천시 용현면 송지리 1320
43750-100186213,진천벽암휴먼시아,0,458,5208.68,5208.68,0,84,0,충청북도 진천군 진천읍 문화로 237-19,충청북도 진천군 진천읍 벽암리 581
26440-100197185,부산지사휴먼시아,0,680.12,8215.07,8215.07,0,135,0,부산광역시 강서구 과학산단2로20번길 35,부산광역시 강서구 지사동 1183-1
29170-100198795,첨단휴먼시아,0,516.66,6033.53,6033.53,0,104,0,광주광역시 북구 첨단연신로 250,광주광역시 북구 신용동 667
29170-100199647,첨단휴먼시아,0,533.15,4474.19,4474.19,0,82,0,광주광역시 북구 첨단연신로 245,광주광역시 북구 신용동 679
47190-100213428,구미옥계휴먼시아 2단지,0,486.09,11191.17,10829.54,0,172,0,경상북도 구미시 옥계북로 43-52,경상북도 구미시 옥계동 905
46840-100197014,무안성내휴먼시아,0,237.95,2609.04,0,0,0,0,전라남도 무안군 무안읍 공항로 75-9,전라남도 무안군 무안읍 성내리 387
41465-100259183,휴먼시아아파트,0,703.25,13148.93,13148.93,0,207,0,경기도 용인시 수지구 광교마을로 90,경기도 용인시 수지구 상현동 1135
42150-17560,회산주공아파트,0,226.24,226.24,226.24,0,0,0,강원도 강릉시 강변로 94,강원도 강릉시 회산동 602
47290-100186697,사동휴먼시아1단지,0,521.564,7002.258,6937.062,0,90,0,경상북도 경산시 백자로10길 57,경상북도 경산시 사동 180
47290-100184414,사동휴먼시아2단지,0,435.744,5894.619,5879.49,0,90,0,경상북도 경산시 솔숲길 100,경상북도 경산시 평산동 695
47290-100184095,진량 휴먼시아,0,391.542,4320.232,4320.232,0,56,0,경상북도 경산시 진량읍 금호강변로 830-3,경상북도 경산시 진량읍 부기리 715
47830-2991,고령다산주공아파트,0,37.38,37.38,37.38,0,0,0,경상북도 고령군 다산면 상곡길 28,경상북도 고령군 다산면 상곡리 162-7
45790-100177938,고창읍내휴먼시아,0,527.455,5582.717,5582.717,0,72,0,전라북도 고창군 고창읍 성산로 19,전라북도 고창군 고창읍 읍내리 1222
26710-100186658,고촌휴먼시아1,0,426.687,5639.425,5624.928,0,86,0,부산광역시 기장군 철마면 고촌로44번길 16,부산광역시 기장군 철마면 고촌리 615
41210-100176056,휴먼시아,0,518.853,6597.519,6577.938,0,84,0,경기도 광명시 소하로 161,경기도 광명시 소하동 1324
46230-5645,마동주공아파트,0,330.66,330.66,330.66,0,1,0,전라남도 광양시 진등6길 31,전라남도 광양시 마동 1030
29155-1973,송화마을휴먼시아,0,0,2487.263,0,0,0,0,광주광역시 남구 효우로60번길 50,광주광역시 남구 노대동 725
29155-1996,송화마을휴먼시아,0,0,351.414,351.414,0,0,0,광주광역시 남구 효우로60번길 37,광주광역시 남구 노대동 726
29155-1894,송화마을휴먼시아,0,9.81,9.81,9.81,0,0,0,광주광역시 남구 효우로60번길 10,광주광역시 남구 노대동 731
29200-100199701,아름마을 휴먼시아,0,392.646,3409.754,3395.457,0,60,0,광주광역시 광산구 수등로123번길 22,광주광역시 광산구 신가동 1064
29200-100203456,장자울마을 휴먼시아,0,524.923,6504.203,6489.697,0,84,0,광주광역시 광산구 풍영로145번길 42,광주광역시 광산구 흑석동 504
29170-61550,신용주공아파트,0,0,276,0,0,0,0,광주광역시 북구 연양로7번길 58,광주광역시 북구 신용동 647
29170-61285,연제주공아파트,0,0,2428.237,0,0,0,0,광주광역시 북구 양산제로 110,광주광역시 북구 연제동 11
29170-62177,용두2주공아파트,0,254.435,225.855,225.855,0,6,0,광주광역시 북구 하서로483번길 22,광주광역시 북구 용두동 1089
29170-23506,주공아파트,0,20.25,20.25,20.25,0,0,0,광주광역시 북구 매곡로 20,광주광역시 북구 용봉동 1461
45130-7757, ,0,11.04,11.04,11.04,0,0,1,전라북도 군산시 미원로 61,전라북도 군산시 삼학동 888
44710-100184840,주공아파트,0,976.6,6987.056,6718.4,23.91,98,0,충청남도 금산군 금산읍 비단로 338,충청남도 금산군 금산읍 상리 312
47150-18353,주공아파트,0,10.44,10.44,10.44,0,0,0,경상북도 김천시 무실7길 38,경상북도 김천시 덕곡동 767
48250-102013553,율곡마을 주공2단지아파트,0,375.608,7765.297,7752.436,0,99,0,경상남도 김해시 율하1로 7,경상남도 김해시 율하동 1291
48250-14882,월산마을14단지주공아파트,0,9.587,5.688,5.688,0,0,0,경상남도 김해시 월산로 81-14,경상남도 김해시 부곡동 805-4
48250-14659,월산마을11단지주공아파트,0,10.4,2839.01,0,0,0,0,경상남도 김해시 월산로 103,경상남도 김해시 부곡동 805-1
48250-102030982,진영휴먼시아,0,621.535,6957.194,6942.688,0,90,0,경상남도 김해시 진영읍 김해대로 462,경상남도 김해시 진영읍 여래리 981
41360-100191610,휴먼시아,0,426.08,8117.351,8101.845,0,109,0,경기도 남양주시 진접읍 금강로 1554-20,경기도 남양주시 진접읍 장현리 703
41360-100211183,휴먼시아,0,569.268,6964.935,6948.24,0,90,0,경기도 남양주시 진접읍 해밀예당3로 67,경기도 남양주시 진접읍 금곡리 1093
41360-100212493,휴먼시아,0,469.647,6083.207,6031.869,0,90,0,경기도 남양주시 진접읍 해밀예당3로 37,경기도 남양주시 진접읍 금곡리 1098
41360-100172210,주공아파트,0,0,1180.645,0,0,0,0,경기도 남양주시 퇴계원읍 퇴계원로 120-11,경기도 남양주시 퇴계원읍 퇴계원리 367
41360-100172610,주공아파트,0,10.56,191.54,0,0,0,0,경기도 남양주시 퇴계원읍 도제원로 116,경기도 남양주시 퇴계원읍 퇴계원리 366
41360-23062, ,0,60.72,60.72,60.72,0,0,1,경기도 남양주시 늘을1로 31,경기도 남양주시 호평동 624
30200-16859,반석마을8단지,0,0,3677.866,0,0,0,0,대전광역시 유성구 반석동로 82,대전광역시 유성구 반석동 623
27710-11521,주공아파트,0,377.52,3997.92,3966.06,0,52,0,대구광역시 달성군 가창면 가창로216길 25,대구광역시 달성군 가창면 용계리 34-2
27710-100191321,서재휴먼시아,0,436.27,5301.826,5301.826,0,97,0,대구광역시 달성군 다사읍 서재로14길 2,대구광역시 달성군 다사읍 서재리 486
27290-15508,장기아파트,0,273.34,236.54,236.54,0,8,0,대구광역시 달서구 용산로 88,대구광역시 달서구 장기동 515
30200-100187208,봉산휴먼시아2단지아파트,0,615.237,9547.131,9424.473,0,109,0,대전광역시 유성구 와룡로136번길 75,대전광역시 유성구 봉산동 298
46110-3897,옥암주공아파트,0,20.25,20.25,20.25,0,0,0,전라남도 목포시 당가두로38번길 11,전라남도 목포시 옥암동 1150
46110-6487,포미타운주공3단지,0,20.25,20.25,20.25,0,0,0,전라남도 목포시 관해로5번길 29,전라남도 목포시 용해동 1032
44180-4289,죽정 주공아파트,0,0,234.52,0,0,0,0,충청남도 보령시 지장골길 37,충청남도 보령시 죽정동 781
26710-100175421,내리휴먼시아,0,410.128,3149.772,3135.066,0,42,0,부산광역시 기장군 기장읍 소정안길 68,부산광역시 기장군 기장읍 내리 768
45800-5132,부안서외주공아파트,0,0,256.74,0,0,0,0,전라북도 부안군 부안읍 부풍로 122,전라북도 부안군 부안읍 서외리 630
48240-100179460,용강2주공아파트,0,348.78,3918.38,3676.48,0,60,0,경상남도 사천시 용강길 37,경상남도 사천시 용강동 920
48240-23340,진사주공아파트,0,14.973,9,9,0,0,0,경상남도 사천시 사남면 조동길 60,경상남도 사천시 사남면 월성리 450
11620-100182305,관악산휴먼시아,0,567.108,10400.152,10247.764,0,178,0,서울특별시 관악구 난곡로 63,서울특별시 관악구 신림동 1735-2
44770-100187473,휴먼시아아파트,0,465.2,5702.54,5702.54,0,90,0,충청남도 서천군 서천읍 사곡로 17,충청남도 서천군 서천읍 사곡리 387
41133-100173862,휴먼시아 섬마을,0,0,3971.378,0,0,0,0,경기도 성남시 중원구 도촌남로 24,경기도 성남시 중원구 도촌동 701
41133-100176668,휴먼시아섬마을,0,0,3046.894,0,0,0,0,경기도 성남시 중원구 도촌남로 69,경기도 성남시 중원구 도촌동 703
41133-100178025,휴먼시아섬마을,0,13.26,13.26,13.26,0,0,0,경기도 성남시 중원구 도촌남로 134,경기도 성남시 중원구 도촌동 707
41133-100174062,휴먼시아섬마을,0,328.86,328.86,328.86,0,0,0,경기도 성남시 중원구 도촌남로 148,경기도 성남시 중원구 도촌동 708
41135-100205483,봇들마을,0,404.991,4221.104,4221.104,0,72,0,경기도 성남시 분당구 대왕판교로644번길 65,경기도 성남시 분당구 삼평동 726
26350-100196087,송정2 휴먼시아,0,515.181,11880.48,11866.27,0,150,0,부산광역시 해운대구 해운대로 1188,부산광역시 해운대구 송정동 934
45770-3964,순창경천주공아파트,0,232.26,232.26,232.26,0,0,0,전라북도 순창군 순창읍 경천1로 102,전라북도 순창군 순창읍 교성리 700
46150-2727,주공아파트,0,307.905,757.998,542.848,2.54,0,0,전라남도 순천시 서면 강청길 80,전라남도 순천시 서면 선평리 202-1
46150-3167,연향주공아파트,0,0,226.94,0,0,0,0,전라남도 순천시 팔마1길 26,전라남도 순천시 연향동 1660-1
41273-100187160,휴먼시아,0,418.362,5178.52,5163.96,0,78,0,경기도 안산시 단원구 삼일로 13,경기도 안산시 단원구 신길동 1509
41273-100194770,휴먼시아,0,404.663,4567.48,4552.08,0,74,0,경기도 안산시 단원구 신길로 94,경기도 안산시 단원구 신길동 1561
41273-100186145,휴먼시아,0,428.868,4382.844,4369.404,0,66,0,경기도 안산시 단원구 신길로 50,경기도 안산시 단원구 신길동 1574
41273-100197698,휴먼시아,0,418.362,5681.78,5667.22,0,88,0,경기도 안산시 단원구 도일로 26,경기도 안산시 단원구 신길동 1684
41271-1335,팔곡마을주공아파트,0,223.453,151.042,151.042,0,0,0,경기도 안산시 상록구 정동1길 7,경기도 안산시 상록구 팔곡일동 681
48330-100182048,양산물금7단지휴먼시아아파트,0,598.55,7893.72,7879.33,0,117,0,경상남도 양산시 양주로 58,경상남도 양산시 남부동 605-1
41630-25902,양주가납 주공아파트,0,0,153.44,0,0,0,0,경기도 양주시 광적면 삼일로65번길 156,경기도 양주시 광적면 석우리 708-1
41630-100190689,산내들마을휴먼시아,0,398.656,4130.824,4078.38,0,56,0,경기도 양주시 고읍로 64,경기도 양주시 고읍동 452
41630-100191071,은빛마을 휴먼시아,0,423.802,4897.681,4883.01,0,84,0,경기도 양주시 고읍북로 78,경기도 양주시 만송동 701
41630-100191679,은빛마을 휴먼시아,0,610.363,6776.055,6761.349,0,100,0,경기도 양주시 고읍북로 120,경기도 양주시 만송동 700
41630-10691,행복한마을,0,132.323,112.563,112.563,0,0,0,경기도 양주시 고암길 172-14,경기도 양주시 고암동 584
41630-100193508,휴먼시아,0,319.99,3210.77,3210.77,0,58,0,경기도 양주시 백석읍 고릉말로46번길 12,경기도 양주시 백석읍 방성리 888
46130-31055,주공3단지아파트,0,20.25,20.25,20.25,0,0,0,전라남도 여수시 덕양로 157,전라남도 여수시 화장동 882
47900-7093,주공아파트,0,207.516,195.7,195.7,0,6,0,경상북도 예천군 예천읍 봉덕로 52,경상북도 예천군 예천읍 대심리 430
41463-100183025,휴먼시아물푸레마을,0,451.112,4287.225,4272.519,0,65,0,경기도 용인시 기흥구 구성3로 37,경기도 용인시 기흥구 청덕동 506
41463-100182240,휴먼시아물푸레마을,0,585.398,7061.035,7021.287,0,110,0,경기도 용인시 기흥구 구성3로 38,경기도 용인시 기흥구 청덕동 503
41463-79106,초당마을주공아파트,0,442,6879.284,6831.414,0,108,0,경기도 용인시 기흥구 동백중앙로 41,경기도 용인시 기흥구 중동 1041
41463-80096,한보라마을휴먼시아,0,0,247.1,0,0,0,0,경기도 용인시 기흥구 한보라1로43번길 23,경기도 용인시 기흥구 보라동 606
41463-80135,한보라마을휴먼시아,0,0,277.2,0,0,0,0,경기도 용인시 기흥구 한보라2로 168,경기도 용인시 기흥구 공세동 674
41463-78478,녹원마을새천년그린빌주공아파트,0,459.347,4197.47,4181.87,0,76,0,경기도 용인시 기흥구 새천년로16번길 16,경기도 용인시 기흥구 신갈동 707
41465-182688,내대지마을,0,397.936,5077.638,5019.278,0,82,0,경기도 용인시 수지구 대지로 158,경기도 용인시 수지구 죽전동 1226
41465-182702,내대지마을주공아파트,0,455.909,4829.096,4814.476,0,77,0,경기도 용인시 수지구 디지털벨리로 21,경기도 용인시 수지구 죽전동 1367
41463-100196110,휴먼시아 흥덕마을,0,527.363,7011.046,6996.255,0,90,0,경기도 용인시 기흥구 흥덕1로79번길 7,경기도 용인시 기흥구 영덕동 980
41463-100210713,휴먼시아흥덕마을,0,408.266,5367.719,5328.897,0,86,0,경기도 용인시 기흥구 흥덕2로 80,경기도 용인시 기흥구 영덕동 1022
41463-100205234,휴먼시아흥덕마을,0,521.319,4565.811,4551.02,0,60,0,경기도 용인시 기흥구 흥덕2로 46,경기도 용인시 기흥구 영덕동 1021
31710-19509,구영2주공아파트,0,148.15,141.43,141.43,0,0,0,울산광역시 울주군 범서읍 점촌3길 23,울산광역시 울주군 범서읍 구영리 855-2
31200-100189691,매곡휴먼시아,0,534.246,7044.57,7044.57,0,120,0,울산광역시 북구 신천로 60,울산광역시 북구 매곡동 857
47930-100184357,읍내 휴먼시아,0,537.463,5630.39,5630.39,0,96,0,경상북도 울진군 울진읍 월변2길 56-21,경상북도 울진군 울진읍 읍내리 370
42130-100204027,원주개운2단지엘에이치아파트,0,0,3270.41,0,0,0,0,강원도 원주시 개운로 20,강원도 원주시 개운동 581-2
42130-100202727,원주개운3단지엘에이치아파트,0,299.226,3715.04,3715.04,0,56,0,강원도 원주시 남원로606번길 22,강원도 원주시 개운동 586
42130-100191692,원주무실7주공아파트,0,324.505,4068.526,4068.526,0,60,0,강원도 원주시 시청로 40,강원도 원주시 무실동 1716-1
42130-19042,원주봉화산주공아파트,0,0,2629.912,0,0,0,0,강원도 원주시 백간길 16,강원도 원주시 단계동 1096
48250-102022679,율현마을 주공12단지아파트,0,391.332,5897.55,5819.46,0,74,0,경상남도 김해시 율하2로 178,경상남도 김해시 율하동 1404
43770-9938,금왕3단지주공아파트,0,388.612,1000.769,701.264,0,0,0,충청북도 음성군 금왕읍 무극로324번길 15,충청북도 음성군 금왕읍 무극리 93
41430-2355,장안마을주공아파트,0,0,1414.306,0,0,0,0,경기도 의왕시 신장승길 12,경기도 의왕시 삼동 556
41430-6242,휴먼시아 청계마을,0,695.216,5175.83,5161.85,0,69,0,경기도 의왕시 청계1로 28,경기도 의왕시 청계동 972
41430-6265,휴먼시아 청계마을,0,13.429,13.32,13.32,0,0,0,경기도 의왕시 청계1로 9,경기도 의왕시 청계동 980
41500-9269,주공아파트,0,14.973,9,9,0,0,0,경기도 이천시 영창로314번길 51,경기도 이천시 갈산동 778
41500-100185000,휴먼시아,0,471.41,5368.94,5368.94,0,70,0,경기도 이천시 영창로 315,경기도 이천시 갈산동 785
45140-32851,익산부송송백마을,0,14.973,9,9,0,0,0,전라북도 익산시 부송1로 123,전라북도 익산시 부송동 1205
45750-1620,임실이도주공아파트,0,9.81,9.81,9.81,0,0,0,전라북도 임실군 임실읍 운수로 33-17,전라북도 임실군 임실읍 이도리 958
46880-3102,영천주공아파트,0,127.2,120.84,120.84,0,0,0,전라남도 장성군 장성읍 문화로 23,전라남도 장성군 장성읍 영천리 1654
45740-100172143,장수북동주공아파트,0,533.454,6673.05,6659.062,0,99,0,전라북도 장수군 장수읍 관두길 16,전라북도 장수군 장수읍 장수리 727
44770-100188656,휴먼시아아파트,0,545.655,6958.306,6958.306,0,89,0,충청남도 서천군 장항읍 장항로 285,충청남도 서천군 장항읍 원수리 907
50110-82068,정든마을3단지,0,0,1843.77,0,0,0,0,제주특별자치도 제주시 정존11길 68,제주특별자치도 제주시 노형동 2582-2
42770-3179,고한주공아파트,0,0,237.81,0,0,0,0,강원도 정선군 고한읍 고한10길 30,강원도 정선군 고한읍 고한리 65-10
42770-6145,봉양주공1차아파트,0,8.843,8.843,8.843,0,0,0,강원도 정선군 정선읍 녹송로 23-34,강원도 정선군 정선읍 봉양리 89-1
45180-6492,농소주공아파트,0,14.973,9,9,0,0,0,전라북도 정읍시 서부산업도로 409,전라북도 정읍시 농소동 1520
45180-4427,정읍신태인주공아파트,0,14.973,9,9,0,0,0,전라북도 정읍시 신태인읍 호남철로 32-13,전라북도 정읍시 신태인읍 신태인리 736-1
50110-14940,도련주공아파트,0,14.973,9,9,0,0,0,제주특별자치도 제주시 도련2길 14,제주특별자치도 제주시 도련일동 1618
50110-16505, ,0,10.44,10.44,10.44,0,0,0,제주특별자치도 제주시 한림읍 대림4길 20,제주특별자치도 제주시 한림읍 대림리 1885
43150-100183487,제천강저휴먼시아1단지,0,683.758,8180.955,8180.955,0,138,0,충청북도 제천시 청풍호로7길 20,충청북도 제천시 영천동 2227
43150-15435,제천장락3주공아파트,0,362,687.752,473.732,0,0,0,충청북도 제천시 장락로 130,충청북도 제천시 장락동 1040
27710-100177823,죽곡휴먼시아1단지,0,376.464,6544.83,6528.09,0,84,0,대구광역시 달성군 다사읍 대실역북로1길 6,대구광역시 달성군 다사읍 매곡리 1539
43745-100175884,증평송산휴먼시아2단지,0,407.52,4971.3,4971.3,0,90,0,충청북도 증평군 증평읍 송산로 53,충청북도 증평군 증평읍 송산리 717
48170-38353,가좌3주공아파트,0,14.973,9,9,0,0,0,경상남도 진주시 진주대로568번길 12,경상남도 진주시 가좌동 464
48129-2000017418,자은3주공아파트,0,19.95,13.977,13.977,0,0,0,경상남도 창원시 진해구 진해대로975번길 23,경상남도 창원시 진해구 자은동 760-1
48121-100194388,도계휴먼시아아파트,0,399.9,5081.03,5031.38,0,73,0,경상남도 창원시 의창구 원이대로82번길 15-15,경상남도 창원시 의창구 도계동 469
43114-1000006626,내수주공아파트,0,457.55,4086.492,4071.872,0,60,0,충청북도 청주시 청원구 내수읍 청암로 35,충청북도 청주시 청원구 내수읍 마산리 210
43113-100180306,가로수마을 휴먼시아,0,0,4471.567,0,0,0,0,충청북도 청주시 흥덕구 서현중로32번길 23,충청북도 청주시 흥덕구 가경동 2077
42110-21264,퇴계8단지주공아파트,0,14.973,9,9,0,0,0,강원도 춘천시 승지골길16번길 48,강원도 춘천시 퇴계동 1036
42110-21215,퇴계9단지 주공아파트,0,14.973,9,9,0,0,0,강원도 춘천시 안마산로 244,강원도 춘천시 퇴계동 1024
43130-17823,연수주공6단지아파트,0,14.973,9,9,0.037033379,0,0,충청북도 충주시 금곡서1길 5,충청북도 충주시 연수동 1755
43130-100183290,충주연수휴먼시아7단지아파트,0,451.18,5894.23,5894.23,0,90,0,충청북도 충주시 갱고개로 230,충청북도 충주시 연수동 1759
41220-13074,주공아파트,0,14.973,9,9,0,0,0,경기도 평택시 안중읍 안현로서6길 61,경기도 평택시 안중읍 현화리 843-1
41220-16304,반지마을주공아파트,0,9,9,9,0,0,0,경기도 평택시 이충로35번길 51,경기도 평택시 이충동 680
48730-3270,함안도항2주공아파트,0,9,9,9,0,0,0,경상남도 함안군 가야읍 성내북길 57,경상남도 함안군 가야읍 도항리 307
48870-100180394,함양교산휴먼시아,0,466.06,5229.85,5173.35,0,91,0,경상남도 함양군 함양읍 함양로 1246,경상남도 함양군 함양읍 교산리 379
43770-100185980,음성감곡휴먼시아,0,519.24,5997.71,5997.71,0,99,0,충청북도 음성군 감곡면 오향로 31,충청북도 음성군 감곡면 오향리 1181
43112-100205911,성화 휴먼시아4단지,0,20.25,20.25,20.25,0,0,0,충청북도 청주시 서원구 장전로 11,충청북도 청주시 서원구 성화동 708
29200-100215061,신완마을 휴먼시아,0,398.57,4598.81,4526.03,0,56,0,광주광역시 광산구 풍영로329번길 51,광주광역시 광산구 장덕동 1044
46880-100189762,영천휴먼시아,0,525.6,5745.76,5745.76,0,98,0,전라남도 장성군 장성읍 문화로 21-34,전라남도 장성군 장성읍 영천리 1660
41210-100192806,신촌휴먼시아,0,236.65,217.04,217.04,0,0,0,경기도 광명시 소하로 189,경기도 광명시 소하동 1366
30200-100195858,도안마을1단지,0,503.023,6774.453,6774.453,0,94,0,대전광역시 유성구 도안대로 560,대전광역시 유성구 봉명동 1024
47130-100197688,건천 휴먼시아,0,551.56,5090.55,5090.55,0,72,0,경상북도 경주시 건천읍 대곡용명길 27,경상북도 경주시 건천읍 건천리 627
29200-100220487,신완마을 휴먼시아,0,402.89,6145.42,6145.42,0,88,0,광주광역시 광산구 풍영로329번길 50,광주광역시 광산구 장덕동 1037
30200-100198328,도안휴먼시아10단지,0,9.99,9.99,9.99,0,0,0,대전광역시 유성구 원신흥로 37,대전광역시 유성구 원신흥동 495
46830-100195035,영암용앙2휴먼시아,0,574.99,6787.17,6787.17,0,84,0,전라남도 영암군 삼호읍 삼호중앙로 222,전라남도 영암군 삼호읍 용앙리 1739
48121-3000031191,봉림휴먼시아1단지,0,259.91,536.95,536.95,0,0,0,경상남도 창원시 의창구 소봉로 50,경상남도 창원시 의창구 봉림동 529
48121-3000026348,봉림휴먼시아2단지,0,228.48,219.93,219.93,0,0,0,경상남도 창원시 의창구 대봉로 25,경상남도 창원시 의창구 봉림동 714
43745-100178553,증평송산1휴먼시아,0,418.769,4735.95,4735.95,0,90,0,충청북도 증평군 증평읍 송산로 35,충청북도 증평군 증평읍 송산리 720
48330-100216062,소주휴먼시아,0,214.2,204.31,0,0,0,0,경상남도 양산시 번영로 435,경상남도 양산시 소주동 870-2
41430-100189855,포일 숲속마을,0,412.76,3876.78,3876.78,0,88,0,경기도 의왕시 이미로 17,경기도 의왕시 포일동 652
41360-100253669,별빛마을3단지,0,30.7,24.23,24.23,0,0,0,경기도 남양주시 별내5로 22,경기도 남양주시 별내동 1049
43114-100241496,청주율랑2엘에이치1단지아파트,0,12.26,8.88,8.88,0,0,0,충청북도 청주시 청원구 율량로 17,충청북도 청주시 청원구 주중동 852
11650-100225564,엘에이치서초4단지,0,637.77,8162.47,7868.07,0,106,0,서울특별시 서초구 양재대로2길 33,서울특별시 서초구 우면동 788
47230-100198581,영천망정휴먼시아5단지,0,375.53,4684.59,4656.31,0,60,0,경상북도 영천시 망정로 80,경상북도 영천시 망정동 378-1
48330-100219742,양산가촌휴먼시아,0,446.27,5600.96,5537.4,0,90,0,경상남도 양산시 물금읍 가촌로 155,경상남도 양산시 물금읍 가촌리 800
44770-100192850,종천휴먼시아,0,790.63,3834.79,3787.75,0,55,0,충청남도 서천군 종천면 충서로302번길 88-34,충청남도 서천군 종천면 종천리 37-13
46800-100195775,장흥건산2휴먼시아,0,12.48,12.48,12.48,0,0,0,전라남도 장흥군 장흥읍 북부로 3,전라남도 장흥군 장흥읍 건산리 810
48730-100193062,함안칠원엘에이치아파트,0,465.14,4808.71,4808.71,0,78,0,경상남도 함안군 칠원읍 구성길 141,경상남도 함안군 칠원읍 구성리 979
42150-100194075,포남엘에이치1단지아파트,0,533.29,6301.95,6301.95,0,105,0,강원도 강릉시 경강로2301번길 6,강원도 강릉시 포남동 1181
41220-100225378,휴먼시아2단지,0,465.02,4752.26,4752.26,0,88,0,경기도 평택시 경기대로 508,경기도 평택시 비전동 1004
26230-100206393,범천엘에이치아파트,5848.2,1398.04,4832.24,4832.24,0,0,0,부산광역시 부산진구 신암로 66,부산광역시 부산진구 범천동 1644
47113-100241205,포항장량5단지,0,433.14,5727.58,5674.18,0,75,0,경상북도 포항시 북구 장량중앙로 117,경상북도 포항시 북구 양덕동 654-1
41590-100692917,화성남양뉴타운루나포레,0,334.04,285.51,285.51,0,0,0,경기도 화성시 남양읍 역골동로 152,경기도 화성시 남양읍 남양리 2221
11680-100244850,엘에이치강남힐스테이트,0,4006.95,31427.43,30643.75,0,338,0,서울특별시 강남구 자곡로3길 21,서울특별시 강남구 자곡동 619
44230-100211430,논산내동2단지,0,326.14,4362.22,4299.6,0,100,0,충청남도 논산시 대학로65번길 19,충청남도 논산시 내동 1109
41360-100259580,엘에이치호평1단지,0,0,338.38,338.38,0,0,0,경기도 남양주시 늘을1로 107,경기도 남양주시 호평동 726
26530-100186880,괘법엘에이치아파트,0,576.43,7435.56,7360.97,0,106,0,부산광역시 사상구 광장로21번길 66,부산광역시 사상구 괘법동 522-3
41360-100254860,별가람마을1-3단지,0,414.82,11203.93,0,0,0,0,경기도 남양주시 덕송3로 12,경기도 남양주시 별내동 807
11680-100224125,엘에이치강남3단지,0,555.287,4026.648,3969.385,0,72,0,서울특별시 강남구 자곡로3길 22,서울특별시 강남구 자곡동 621
48270-100205743,밀양내이엘에이치아파트,0,9.91,9.91,9.91,0,0,0,경상남도 밀양시 창밀로 3535,경상남도 밀양시 내이동 300
11650-100224777,엘에이치서초3단지,0,781.46,13708.41,13634.82,0,210,0,서울특별시 서초구 양재대로2길 34,서울특별시 서초구 우면동 784
43114-100243773,청주율량2엘에이치2단지아파트,0,396.35,8198.66,0,0,0,0,충청북도 청주시 청원구 율량로 47,충청북도 청주시 청원구 주중동 950
47210-100206397,영주가흥엘에이치4단지,0,336.96,3209.02,3209.02,0,68,0,경상북도 영주시 가흥로 345-27,경상북도 영주시 가흥동 2046
41410-100193649,삼성마을1단지,0,504.01,7927.48,7829.19,0,134,0,경기도 군포시 삼성로 79,경기도 군포시 당동 1024
26710-100220730,정관신도시엘에이치5단지,0,656.81,8290.11,8208.3,0,120,0,부산광역시 기장군 정관읍 산단2로 60,부산광역시 기장군 정관읍 달산리 1202
46820-100206527,해남해리엘에이치아파트,0,524.89,8507.26,8403.2,0,160,0,전라남도 해남군 해남읍 교육청길 41,전라남도 해남군 해남읍 해리 695
30200-100247932,노은3지구1단지,0,513.21,4829.83,4829.83,0,96,0,대전광역시 유성구 지족로190번길 15,대전광역시 유성구 지족동 1040
45710-100214475,전북혁신엘에이치아파트10단지,0,158.36,133.51,0,0,0,0,전라북도 완주군 이서면 갈산1로 12,전라북도 완주군 이서면 갈산리 650
43770-100213454,음성금석엘에이치아파트,0,259.55,7406.21,0,0,0,0,충청북도 음성군 금왕읍 대금로 1557-13,충청북도 음성군 금왕읍 금석리 467
43750-100205629,천년나무7단지,0,22.58,22.58,22.58,0,0,0,충청북도 진천군 덕산읍 연미로 131,충청북도 진천군 덕산읍 두촌리 2402
11680-100237868,엘에이치강남아이파크,0,807.97,7321.57,7141.7,0,76,0,서울특별시 강남구 자곡로 175,서울특별시 강남구 자곡동 602
48310-100241770,거제하청엘에이치아파트,0,539.86,4666.18,4554.3,0,60,0,경상남도 거제시 하청면 거제북로 554,경상남도 거제시 하청면 하청리 502
47150-100229373,경북혁신엘에이치천년나무2단지,43336.5,0,53027.3008,0,0,0,0,경상북도 김천시 혁신4로 72,경상북도 김천시 율곡동 770
46170-100219274,빛가람엘에이치3단지아파트,0,596.07,7911.13,7817.15,0,74,0,전라남도 나주시 그린로 154,전라남도 나주시 빛가람동 624
46170-100225011,빛가람엘에이치1단지아파트,0,619.54,7904.88,7800.56,0,70,0,전라남도 나주시 그린로 63,전라남도 나주시 빛가람동 394
46780-100200243,보성회정엘에이치천년나무,0,440.99,5051.36,5003.48,0,86,0,전라남도 보성군 벌교읍 못골길 12,전라남도 보성군 벌교읍 회정리 844
44180-100205414,자연숲빌리지,0,672.39,2183.8,2183.8,0,38,0,충청남도 보령시 성주면 화장골길 130,충청남도 보령시 성주면 성주리 265-339
29155-130014786,효천엘에이치천년나무1단지아파트,0,478.52,7547.3,7547.3,0,120,0,광주광역시 남구 효우로 262,광주광역시 남구 행암동 556
26530-100193920,감전엘에이치아파트,0,483.03,6356.98,6356.98,0,98,0,부산광역시 사상구 백양대로 539,부산광역시 사상구 감전동 961
48170-100230763,혁신도시엘에이치아파트5단지,0,620.6,8983.12,8807.6,0,80,0,경상남도 진주시 충의로 67,경상남도 진주시 충무공동 234
27710-100230670,대구옥포엘에이치천년나무2단지,0,362.12,759.45,0,0,0,0,대구광역시 달성군 옥포읍 돌미로 51,대구광역시 달성군 옥포읍 강림리 1105
43114-2000011397,청주율량2엘에이치9단지아파트,0,226.25,421.3,421.3,0,0,0,충청북도 청주시 청원구 율중로7번길 77,충청북도 청주시 청원구 율량동 2455
41360-100271394,별빛마을3-5단지,0,0,282.37,0,0,0,0,경기도 남양주시 별내4로 62,경기도 남양주시 별내동 1054
41360-100268360,별사랑마을2-10단지,0,16.6,16.6,16.6,0,0,0,경기도 남양주시 별내3로 251,경기도 남양주시 별내동 913
45710-100220822,전북혁신엘에이치아파트9단지,0,125.61,125.61,125.61,0,0,0,전라북도 완주군 이서면 갈산1로 72,전라북도 완주군 이서면 갈산리 646
50110-100280883,제주삼화엘에이치3단지,0,27.84,3598.68,0,0,0,0,제주특별자치도 제주시 화삼로 110,제주특별자치도 제주시 도련이동 550
42210-100194548,속초조양엘에이치천년나무3단지,0,586.76,6249.2,6200.87,0,104,0,강원도 속초시 온정로 23,강원도 속초시 조양동 1570
41630-100222397,율정마을7단지,0,662.59,6242.96,6162.58,0,112,0,경기도 양주시 옥정동로 257,경기도 양주시 옥정동 1027
47113-100276490,포항장량엘에이치천년나무6단지,0,601.33,7352.02,7310.15,0,105,0,경상북도 포항시 북구 장량중앙로100번길 1,경상북도 포항시 북구 양덕동 785-1
46170-100237291,빛가람엘에이치5단지,0,629.23,620.57,212.99,0,0,0,전라남도 나주시 월정3길 17,전라남도 나주시 빛가람동 821
30170-100220182,관저5엘에이치천년나무1단지,0,904.1,8735.5,8655.32,0,156,0,대전광역시 서구 구봉산북로 212,대전광역시 서구 관저동 1599
41360-100278196,별사랑마을2-7단지,0,16.61,16.61,16.61,0,0,0,경기도 남양주시 별내3로 159,경기도 남양주시 별내동 921
41360-100278904,별사랑마을2-9단지,0,14.84,14.84,14.84,0,0,0,경기도 남양주시 별내3로 114,경기도 남양주시 별내동 925
48330-100272835,양산신도시엘에이치아파트5단지,0,0,1964.91,206.04,0,0,0,경상남도 양산시 물금읍 새실로 54,경상남도 양산시 물금읍 가촌리 1276-3
29155-130021442,효천엘에이치천년나무6단지아파트,0,476.79,5130.84,4961.36,0,60,0,광주광역시 남구 효우2로 90,광주광역시 남구 행암동 539
27710-100253925,대구옥포엘에이치천년나무3단지,0,36.86,31.9,31.9,0,0,0,대구광역시 달성군 옥포읍 돌미로2길 15,대구광역시 달성군 옥포읍 강림리 1133
30170-100224180,다온숲3단지,0,693.53,10551.64,10410.34,0,107,0,대전광역시 서구 구봉산북로 165,대전광역시 서구 관저동 1584
43130-100232299,충주안림엘에이치천년나무1단지,0,263.92,280.67,0,0,0,0,충청북도 충주시 봉현로 365,충청북도 충주시 안림동 1167
42130-100267581,푸른숨엘에이치10단지,0,263.18,526.36,526.36,0,0,0,강원도 원주시 혁신로 350,강원도 원주시 반곡동 1818-5
41310-100194531,엘에이치이스트힐,0,603.05,8996.95,8889.15,0,104,0,경기도 구리시 갈매중앙로 132,경기도 구리시 갈매동 569
48330-100268732,양산신도시엘에이치아파트2단지,0,584.36,6981.99,6942.87,0,114,0,경상남도 양산시 물금읍 물금2길 50,경상남도 양산시 물금읍 물금리 890-3
48330-100266780,양산신도시엘에이치아파트1단지,0,602.31,6744.79,6704.87,0,106,0,경상남도 양산시 물금읍 청운로 41,경상남도 양산시 물금읍 물금리 890-11
50130-100250201,서귀포남원엘에이치아파트,0,170.28,162,0,0,0,0,제주특별자치도 서귀포시 남원읍 남원체육관로 342,제주특별자치도 서귀포시 남원읍 남원리 2494
43150-100233020,제천강저엘에이치4단지,0,28.49,13.11,13.11,0,0,0,충청북도 제천시 청풍호로7길 40,충청북도 제천시 영천동 2234-1
41220-100300296,엘에이치배꽃마을4단지,0,0,303.04,0,0,0,0,경기도 평택시 비전2로 110,경기도 평택시 비전동 1028
42150-100234659,강릉회산엘에이치천년나무2,0,570.92,7052.95,7052.95,0,120,0,강원도 강릉시 강변로 58,강원도 강릉시 회산동 604
41310-100190609,갈매1단지,0,627.45,9077.86,9040.09,0,172,0,경기도 구리시 갈매순환로 143,경기도 구리시 갈매동 573
43745-100190700,증평송산엘에이치천년나무3단지,0,586.56,7128.85,7128.85,0,120,0,충청북도 증평군 증평읍 송산로4길 14,충청북도 증평군 증평읍 송산리 820
30200-100260265,엘에이치도안천년나무11단지,0,34.76,34.76,34.76,0,0,0,대전광역시 유성구 봉명로 16,대전광역시 유성구 원신흥동 511
44760-100212345,부여규암엘에이치천년나무1단지,0,827.82,3693.88,3432.87,0,58,0,충청남도 부여군 규암면 내동로 26,충청남도 부여군 규암면 내리 839
29200-100295673,선운리버프라임,0,0,313.95,0,0,0,0,광주광역시 광산구 선운로 65,광주광역시 광산구 선암동 553
27710-100249855,대구테크노폴리스엘에이치천년나무2단지,0,221.62,211.56,211.56,0,0,0,대구광역시 달성군 현풍읍 테크노북로2길 30,대구광역시 달성군 현풍읍 중리 488
36110-5000125156,새뜸마을7단지,0,928.2,8759.5,8468.17,0,76,0,세종특별자치시 새롬중앙로 89,세종특별자치시 새롬동 556
43750-100222656,천년나무4단지,0,764.69,10395.51,10243.22,0,118,0,충청북도 진천군 덕산읍 연미로 87,충청북도 진천군 덕산읍 두촌리 2494
27710-100288320,대구테크노폴리스4단지,0,555.89,8285.66,8181.5,0,105,0,대구광역시 달성군 유가읍 테크노상업로 111,대구광역시 달성군 유가읍 봉리 602
41220-100347774,뜨레휴이곡마을7단지,0,283.51,266.33,266.33,0,0,0,경기도 평택시 비전4로 175,경기도 평택시 비전동 967
36110-5000100415,가재마을1단지,0,0,134.48,0,0,0,0,세종특별자치시 도움1로 145,세종특별자치시 종촌동 686
26230-100226899,전포엘에이치,0,1888.73,38036.86,38036.86,0,650,0,부산광역시 부산진구 중앙대로 862,부산광역시 부산진구 전포동 897
47250-100236943,상주함창엘에이치천년나무1단지,0,0,2614.53,0,0,0,0,경상북도 상주시 함창읍 함령길 138,경상북도 상주시 함창읍 구향리 608
43130-100246353,충주안림엘에이치천년나무2단지,0,6.93,4341.3,0,0,0,0,충청북도 충주시 월촌5길 12,충청북도 충주시 안림동 1172
50130-100266756,서귀포강정엘에이치아파트,0,167.18,147.76,147.76,0,0,0,제주특별자치도 서귀포시 대청로25번길 9,제주특별자치도 서귀포시 강정동 192
41550-100256863,아양엘에이치1단지,0,113.94,109.73,109.73,0,0,0,경기도 안성시 아양로 52,경기도 안성시 아양동 416
47150-100249666,경북김천혁신엘에이치천년나무4단지,0,21.04,20.22,20.22,0,0,0,경상북도 김천시 해오름1로 17,경상북도 김천시 율곡동 11
41131-100275678,위례35단지,0,696.75,7689.18,7661.82,0,164,0,경기도 성남시 수정구 위례광장로 311,경기도 성남시 수정구 창곡동 510
41360-100314663,미리내마을4-2단지,0,0,297.25,0,0,0,0,경기도 남양주시 별내4로 25,경기도 남양주시 별내동 1048
48250-102136723,김해진영휴먼시아6단지,0,22.4,22.4,22.4,0,0,0,경상남도 김해시 진영읍 김해대로 463,경상남도 김해시 진영읍 여래리 973
48170-100273404,혁신도시엔에이치에프10단지,0,32.66,32.66,32.66,0,0,0,경상남도 진주시 에나로228번길 10,경상남도 진주시 충무공동 306
26710-100255460,정관엘에이치7단지,0,423.41,4852.56,4811.74,0,120,0,부산광역시 기장군 정관읍 모전로 41,부산광역시 기장군 정관읍 모전리 681
43130-100242554,충주첨단행복주택,0,0,315.31,0,0,0,0,충청북도 충주시 대소원면 첨단쉼터8길 19,충청북도 충주시 대소원면 본리 668
41630-100244764,옥정천년나무8단지,0,8.84,8.84,8.84,0,0,0,경기도 양주시 옥정동로 258,경기도 양주시 옥정동 1032
41630-100243185,옥정천년나무16단지,0,0,278.26,0,0,0,0,경기도 양주시 회천남로 115,경기도 양주시 옥정동 1047
42150-100256056,엘에이치미디어촌7단지,0,604.83,8667.51,8557.66,0,81,0,강원도 강릉시 선수촌로 36,강원도 강릉시 홍제동 1043
48129-3000195936,창원자은3엘에이치천년나무아파트,0,574.55,6129.55,6086.26,0,104,0,경상남도 창원시 진해구 냉천로 192,경상남도 창원시 진해구 자은동 133
41133-100296604,성남여수엘에이치1단지,0,0,288.28,0,0,0,0,경기도 성남시 중원구 둔촌대로63번길 11,경기도 성남시 중원구 성남동 4700
29155-130028811,효천엘에이치천년나무7단지,0,317.14,275.31,275.31,0,0,0,광주광역시 남구 행암길 9,광주광역시 남구 행암동 713
48170-100278245,혁신도시엘에이치아파트3단지,0,122.59,103.27,103.27,0,0,0,경상남도 진주시 대밭골로 91,경상남도 진주시 충무공동 219
36110-5000161729,해들마을5단지,0,505.06,8348.76,8230.96,0,96,0,세종특별자치시 대평로 56,세종특별자치시 대평동 700
41131-100292946,위례31단지,0,674.11,8250.17,8250.17,0,120,0,경기도 성남시 수정구 위례순환로 17,경기도 성남시 수정구 창곡동 500
48129-3000212881,센트럴빌리지,0,0,17.53,17.53,0,0,0,경상남도 창원시 진해구 냉천로 189,경상남도 창원시 진해구 자은동 108
41410-100209585,숲속반디채,0,508.04,7909.64,7859.08,0,100,0,경기도 군포시 송부로96번길 30,경기도 군포시 도마교동 479
27290-100266170,대구대곡수목원호정포레스트,0,731.13,9836.91,9692.91,0,118,0,대구광역시 달서구 갈밭남로 17,대구광역시 달서구 대곡동 1103
41630-100264776,금호건설제이드웰엔에이치에프,0,0,21450.74,0,0,0,0,경기도 양주시 옥정동로 106,경기도 양주시 옥정동 1084
41630-100264217,지에스건설제이드웰엔에이치에프,0,733.08,805.7,402.85,0,0,0,경기도 양주시 옥정동로 104,경기도 양주시 옥정동 1085
26440-100279028,스위트팰리스,0,0,861.61,0,0,0,0,부산광역시 강서구 명지국제5로 165,부산광역시 강서구 명지동 3325
46110-100224822,포미타운엘에이치6단지,0,0,83.4,0,0,0,0,전라남도 목포시 연산백련로1번길 51,전라남도 목포시 연산동 1944-1
11530-100238534,오류동행복주택,0,1118.92,12112.93,12112.93,0,232,0,서울특별시 구로구 경인로20가길 68,서울특별시 구로구 오류동 64-28
27710-100278633,대구테크노폴리스엘에이치천년나무3단지,0,895.16,13242.1,13170.49,0,312,0,대구광역시 달성군 현풍읍 테크노북로4길 27,대구광역시 달성군 현풍읍 중리 481
46150-100268454,선평빛찬들아파트,0,0,613.91,0,0,0,0,전라남도 순천시 서면 선평동선길 36,전라남도 순천시 서면 선평리 1092
31140-100256516,울산남구엘에이치해피투게더타운,0,1716.95,4134.86,4075.51,0,100,0,울산광역시 남구 여천로12번길 50,울산광역시 남구 야음동 370-6
45113-100350462,전주반월2엘에이치아파트,0,0,57.66,0,0,0,0,전라북도 전주시 덕진구 혁신로 665,전라북도 전주시 덕진구 반월동 1236
50110-70815, ,0,46.94,46.94,46.94,0,0,0,제주특별자치도 제주시 번영로 528,제주특별자치도 제주시 봉개동 1894
46130-100269876,여수수정행복주택,0,0,1530.11,0,0,0,0,전라남도 여수시 이순신광장로 260,전라남도 여수시 수정동 167-1
36110-5000183851,가온마을9단지,0,493.28,6733.4,6660.22,0,80,0,세종특별자치시 다정북로 183,세종특별자치시 다정동 920
27710-100308512,대구옥포르상트레빌,0,149.2,401.71,401.71,0,0,0,대구광역시 달성군 옥포읍 금계길 12,대구광역시 달성군 옥포읍 교항리 3008
42830-100212712,양양물치강선엘에이치천년나무,0,0,37.18,37.18,0,0,0,강원도 양양군 강현면 물치천로 70-17,강원도 양양군 강현면 강선리 977
31200-100263637,송정 하우스디 엔에이치에프,0,17.61,140.2,140.2,0,0,0,울산광역시 북구 화산로 140,울산광역시 북구 송정동 1236-3
41630-100258264,양주옥정3단지,0,181.19,359.31,359.31,0,0,0,경기도 양주시 옥정서로 254,경기도 양주시 옥정동 943
47150-100266172,김천삼락엘에이치아파트,0,0,103.66,0,0,0,0,경상북도 김천시 물망골길 71,경상북도 김천시 삼락동 1296
48170-40297, ,0,57.77,57.77,57.77,0,0,1,경상남도 진주시 문산읍 월아산로 1047-14,경상남도 진주시 문산읍 삼곡리 1139-1
50130-100313269,제주서귀포혁신도시엘에이치3단지,0,0,37.59,0,0,0,0,제주특별자치도 서귀포시 서호중앙로 56-13,제주특별자치도 서귀포시 서호동 1615-3
41360-100371232,별가람마을1-2단지,0,957.49,14445.29,14172.01,0,336,0,경기도 남양주시 덕송3로 30,경기도 남양주시 별내동 806
30200-100284403,대전봉산엘에이치3단지,0,0,123.64,0,0,0,0,대전광역시 유성구 와룡로136번길 97,대전광역시 유성구 봉산동 302
48250-102184220,김해율하2엘에이치아파트3단지,0,0,40.24,0,0,0,0,경상남도 김해시 율하5로 14,경상남도 김해시 장유동 899
41131-100316933,고등마을,0,763.04,8958.41,8834.32,0,168,0,경기도 성남시 수정구 고등로 57,경기도 성남시 수정구 고등동 578
29200-100326419,광주첨단엘에이치1단지,0,0,11.45,11.45,0,0,0,광주광역시 광산구 첨단중앙로152번길 6-8,광주광역시 광산구 쌍암동 657-4
29200-100326536,광주첨단엘에이치2단지,0,0,23.95,23.95,0,0,0,광주광역시 광산구 임방울대로825번길 9,광주광역시 광산구 쌍암동 683-2
29155-130041501,광주효천1엘에이치3단지,0,85.5,85.5,85.5,0,0,0,광주광역시 남구 효천중앙로 35,광주광역시 남구 임암동 731
41630-100285283,양주고읍 LH 13단지 아파트,0,496.83,5147.55,5098.44,0,164,0,경기도 양주시 고읍남로 94,경기도 양주시 광사동 717
41220-100464994,평택고덕엘에이치17단지,0,0,116.99,0,0,0,0,경기도 평택시 고덕면 고덕여염로 20,경기도 평택시 고덕면 여염리 4572-1
31200-100267497,울산송정 LH 2단지,0,23.1,23.1,23.1,0,0,0,울산광역시 북구 박상진2로 82,울산광역시 북구 화봉동 1486
46770-100242407,고흥남계엘에이치1단지,12041.6,0,92.93,92.93,0.7717412,0,0,전라남도 고흥군 고흥읍 터미널길 17-35,전라남도 고흥군 고흥읍 등암리 1680
41430-100217632,오봉산마을 1단지,0,684.2,5220.8,5177.4,0,92,0,경기도 의왕시 행복마을3로 18,경기도 의왕시 고천동 61-6
50130-100340536,서귀포서홍 행복주택,0,0,67.98,0,0,0,0,제주특별자치도 서귀포시 장수로 115,제주특별자치도 서귀포시 서홍동 355-1
42110-100311797,춘천우두엘에이치천년나무3단지,0,0,59.41,59.41,0,0,0,강원도 춘천시 우두1길 40,강원도 춘천시 우두동 1088
26290-100212522,용호행복주택,0,0,152.29,0,0,0,0,부산광역시 남구 동명로 183,부산광역시 남구 용호동 376-9
43150-100289809,제천 공공실버주택,0,0,88.86,0,0,0,0,충청북도 제천시 용두천로40길 28,충청북도 제천시 고암동 1273
42760-100179404,평창하진부주공아파트,2718,1687.091,24661.238,17751.427,653.11,239,0,강원도 평창군 진부면 경강로 3587,강원도 평창군 진부면 하진부리 115
